{
  "easingCurveWindowCollapsed" : true,
  "lastselectedPageIndex" : 2,
  "loopPlayBack" : true,
  "playbackSpeed" : 1,
  "playbackTime" : 0.024453043937683105,
  "sceneOffset" : [
    377.02338129496388,
    -87.679856115107924
  ],
  "sceneScale" : 0.74133333333333329,
  "stageChangesApplyToAllTimes" : false,
  "timelineLength" : 1000
}