{
  "easingCurveWindowCollapsed" : true,
  "lastselectedPageIndex" : 0,
  "loopPlayBack" : true,
  "playbackSpeed" : 1,
  "playbackTime" : 0,
  "sceneOffset" : [
    464.597016725012,
    388.68294486144765
  ],
  "sceneScale" : 0.73081627914043401,
  "stageChangesApplyToAllTimes" : false,
  "timelineLength" : 211.8957036776674
}